{
    "task_index": {
        "min": [
            0.0
        ],
        "max": [
            0.0
        ],
        "mean": [
            0.0
        ],
        "std": [
            0.0
        ],
        "count": [
            14391
        ],
        "q01": [
            3.999999999999418e-16
        ],
        "q10": [
            3.999999999999418e-15
        ],
        "q50": [
            1.999999999999708e-14
        ],
        "q90": [
            3.599999999999475e-14
        ],
        "q99": [
            3.959999999999422e-14
        ]
    },
    "frame_index": {
        "min": [
            0.0
        ],
        "max": [
            449.0
        ],
        "mean": [
            224.3597387255924
        ],
        "std": [
            129.82292870375525
        ],
        "count": [
            14391
        ],
        "q01": [
            3.9933522500581273
        ],
        "q10": [
            44.016651484875496
        ],
        "q50": [
            223.98789618511546
        ],
        "q90": [
            403.93062459044916
        ],
        "q99": [
            444.7261252011269
        ]
    },
    "observation.state": {
        "min": [
            -27.69230842590332,
            -92.26373291015625,
            -85.75823974609375,
            40.17582321166992,
            -32.83516311645508,
            1.0617120265960693
        ],
        "max": [
            27.516483306884766,
            72.48351287841797,
            97.010986328125,
            101.89010620117188,
            17.010988235473633,
            41.47312545776367
        ],
        "mean": [
            0.9099776295902462,
            -25.0522559016651,
            31.828714490972278,
            74.55359064160092,
            -2.6735649876165537,
            8.68132234264154
        ],
        "std": [
            11.137263218936708,
            57.898168699933436,
            55.61761487900791,
            14.910960485638906,
            8.733176374040818,
            9.66312178644718
        ],
        "count": [
            14391
        ],
        "q01": [
            -23.234509138660925,
            -91.9995974004556,
            -41.23745474901584,
            53.06223589377807,
            -19.58162992344018,
            2.0943540284087083
        ],
        "q10": [
            -19.656912425607217,
            -91.9608039864771,
            -35.86075687828754,
            60.590508704739115,
            -16.935710716150766,
            2.221170342015037
        ],
        "q50": [
            4.2811521138818325,
            -10.002582923029545,
            21.96339349502369,
            71.17890443055896,
            -1.2640587716479508,
            3.485539382236067
        ],
        "q90": [
            9.401356519081071,
            36.36270509707223,
            93.27466116513217,
            96.32762579657825,
            5.698812940962644,
            27.561822470102022
        ],
        "q99": [
            10.758305601413008,
            38.63509611257682,
            93.7492196405725,
            100.68126984629065,
            6.466521239459929,
            30.024300710314833
        ]
    },
    "episode_index": {
        "min": [
            0.0
        ],
        "max": [
            31.0
        ],
        "mean": [
            15.814606351191717
        ],
        "std": [
            9.511248984974857
        ],
        "count": [
            14391
        ],
        "q01": [
            15.814606351191717
        ],
        "q10": [
            15.81460635119172
        ],
        "q50": [
            15.814606351191733
        ],
        "q90": [
            15.814606351191761
        ],
        "q99": [
            15.814606351191763
        ]
    },
    "timestamp": {
        "min": [
            0.0
        ],
        "max": [
            14.966666666666667
        ],
        "mean": [
            7.478657957519746
        ],
        "std": [
            4.327430956791842
        ],
        "count": [
            14391
        ],
        "q01": [
            0.13311174157365813
        ],
        "q10": [
            1.4672217160848144
        ],
        "q50": [
            7.466263206170358
        ],
        "q90": [
            13.46435415309234
        ],
        "q99": [
            14.824204173465832
        ]
    },
    "index": {
        "min": [
            0.0
        ],
        "max": [
            14390.0
        ],
        "mean": [
            7335.681676047529
        ],
        "std": [
            4279.48432225174
        ],
        "count": [
            14391
        ],
        "q01": [
            7115.315289571998
        ],
        "q10": [
            7155.3385888068115
        ],
        "q50": [
            7335.309833507054
        ],
        "q90": [
            7515.252561912386
        ],
        "q99": [
            7556.048062523062
        ]
    },
    "observation.images.front": {
        "min": [
            [
                [
                    0.0
                ]
            ],
            [
                [
                    0.0
                ]
            ],
            [
                [
                    0.0
                ]
            ]
        ],
        "max": [
            [
                [
                    1.0
                ]
            ],
            [
                [
                    1.0
                ]
            ],
            [
                [
                    1.0
                ]
            ]
        ],
        "mean": [
            [
                [
                    0.6220617935435606
                ]
            ],
            [
                [
                    0.5826654149856412
                ]
            ],
            [
                [
                    0.5841121169388144
                ]
            ]
        ],
        "std": [
            [
                [
                    0.06049605327151529
                ]
            ],
            [
                [
                    0.06881585042948136
                ]
            ],
            [
                [
                    0.06800936027340197
                ]
            ]
        ],
        "count": [
            276307200
        ],
        "q01": [
            [
                [
                    0.0541659429193649
                ]
            ],
            [
                [
                    0.035442326392605056
                ]
            ],
            [
                [
                    0.0397136476764933
                ]
            ]
        ],
        "q10": [
            [
                [
                    0.48484878558087185
                ]
            ],
            [
                [
                    0.25409605448383854
                ]
            ],
            [
                [
                    0.2670336639859978
                ]
            ]
        ],
        "q50": [
            [
                [
                    0.6608883857763068
                ]
            ],
            [
                [
                    0.6444799151721556
                ]
            ],
            [
                [
                    0.647031859717874
                ]
            ]
        ],
        "q90": [
            [
                [
                    0.7321211056999961
                ]
            ],
            [
                [
                    0.7290501483805072
                ]
            ],
            [
                [
                    0.7270978893433708
                ]
            ]
        ],
        "q99": [
            [
                [
                    0.788100929492148
                ]
            ],
            [
                [
                    0.7866282901307727
                ]
            ],
            [
                [
                    0.7958400537899767
                ]
            ]
        ]
    },