{
    "task_index": {
        "min": [
            0.0
        ],
        "max": [
            0.0
        ],
        "mean": [
            0.0
        ],
        "std": [
            0.0
        ],
        "count": [
            22026
        ],
        "q01": [
            3.999999999999418e-16
        ],
        "q10": [
            3.999999999999418e-15
        ],
        "q50": [
            1.9999999999997088e-14
        ],
        "q90": [
            3.599999999999474e-14
        ],
        "q99": [
            3.959999999999424e-14
        ]
    },
    "observation.state": {
        "min": [
            -27.69230842590332,
            -92.26373291015625,
            -85.75823974609375,
            39.912086486816406,
            -30.0219783782959,
            1.0617120265960693
        ],
        "max": [
            27.516483306884766,
            72.48351287841797,
            97.010986328125,
            101.89010620117188,
            17.010988235473633,
            41.47312545776367
        ],
        "mean": [
            1.8292860586217663,
            -19.301550381208312,
            25.16005690577547,
            76.18562859015906,
            -2.710610083774277,
            8.704132381538104
        ],
        "std": [
            10.743327893701082,
            59.115565215104944,
            57.755463470615226,
            15.47135192708541,
            9.104780774326535,
            9.239773982972757
        ],
        "count": [
            22026
        ],
        "q01": [
            -21.740497836767045,
            -92.07324623526559,
            -45.90699905013102,
            53.442058079793235,
            -19.094492104726125,
            2.099007920841858
        ],
        "q10": [
            -18.939628527428304,
            -92.02415967171264,
            -39.858340204733885,
            61.07197112494623,
            -17.069451826003597,
            2.1872600009279295
        ],
        "q50": [
            5.278689983235957,
            6.130141346685317,
            8.94618462203818,
            73.25736639234415,
            -2.504337775996602,
            3.8348799950915167
        ],
        "q90": [
            10.197460556997912,
            40.42503929424215,
            93.19034660896979,
            97.79622595293375,
            6.289840236638617,
            26.75366120683404
        ],
        "q99": [
            11.403458267991082,
            41.911762619340934,
            93.54855945149276,
            101.03005417023023,
            7.1785174053571,
            28.43245497872142
        ]
    },
    "index": {
        "min": [
            0.0
        ],
        "max": [
            22025.0
        ],
        "mean": [
            11104.416371560883
        ],
        "std": [
            6357.759160635907
        ],
        "count": [
            22026
        ],
        "q01": [
            10884.15212124025
        ],
        "q10": [
            10924.190791137666
        ],
        "q50": [
            11104.128592082086
        ],
        "q90": [
            11284.056698647133
        ],
        "q99": [
            11324.680621881513
        ]
    },
    "episode_index": {
        "min": [
            0.0
        ],
        "max": [
            48.0
        ],
        "mean": [
            24.199446109143732
        ],
        "std": [
            14.139860655895259
        ],
        "count": [
            22026
        ],
        "q01": [
            24.199446109143732
        ],
        "q10": [
            24.199446109143743
        ],
        "q50": [
            24.19944610914375
        ],
        "q90": [
            24.19944610914377
        ],
        "q99": [
            24.19944610914377
        ]
    },
    "frame_index": {
        "min": [
            0.0
        ],
        "max": [
            449.0
        ],
        "mean": [
            224.25556160900754
        ],
        "std": [
            129.76289283053094
        ],
        "count": [
            22026
        ],
        "q01": [
            3.9913112883790314
        ],
        "q10": [
            44.0299811857909
        ],
        "q50": [
            223.96778213020957
        ],
        "q90": [
            403.89588869525875
        ],
        "q99": [
            444.51981192963615
        ]
    },
    "action": {
        "min": [
            -28.395605087280273,
            -105.62637329101562,
            -90.4175796508789,
            36.92307662963867,
            -30.461538314819336,
            0.31847134232521057
        ],
        "max": [
            27.868131637573242,
            70.81318664550781,
            97.18681335449219,
            103.12088012695312,
            17.450550079345703,
            42.197452545166016
        ],
        "mean": [
            1.797931045098588,
            -24.776023208726972,
            22.54240802660264,
            76.04446021349933,
            -2.6880076830017856,
            7.427539943728667
        ],
        "std": [
            10.83073459056682,
            62.419314520621484,
            58.706388336727485,
            15.892193596915197,
            9.322978175157488,
            9.973410818814912
        ],
        "count": [
            22026
        ],
        "q01": [
            -22.244839685918635,
            -103.96702248074357,
            -50.55955291173181,
            51.58827094022797,
            -19.50755298092655,
            1.5912973530697727
        ],
        "q10": [
            -19.121127696557668,
            -103.82080160690066,
            -43.923717678772725,
            60.60765351784652,
            -17.396967478417444,
            1.9358274937195366
        ],
        "q50": [
            5.246183310386939,
            3.2574577834025433,
            6.453053897828023,
            73.06852669354757,
            -2.407368529933524,
            2.309010229446316
        ],
        "q90": [
            10.235419368523077,
            37.45512364434062,
            92.21928008343953,
            98.30181345201689,
            6.653569827694121,
            27.537122625065333
        ],
        "q99": [
            11.754812832150247,
            40.18336172528337,
            92.68746434723379,
            101.85780012647557,
            7.632096197584923,
            28.787135306868034
        ]
    },
    "observation.images.front": {
        "min": [
            [
                [
                    0.0
                ]
            ],
            [
                [
                    0.0
                ]
            ],
            [
                [
                    0.0
                ]
            ]
        ],
        "max": [
            [
                [
                    1.0
                ]
            ],
            [
                [
                    1.0
                ]
            ],
            [
                [
                    1.0
                ]
            ]
        ],
        "mean": [
            [
                [
                    0.6301675424900064
                ]
            ],
            [
                [
                    0.5868354348747629
                ]
            ],
            [
                [
                    0.5880375401760524
                ]
            ]
        ],
        "std": [
            [
                [
                    0.09273797334122855
                ]
            ],
            [
                [
                    0.12241328666923174
                ]
            ],
            [
                [
                    0.12022827701704135
                ]
            ]
        ],
        "count": [
            422899200
        ],